Afghanistan,Asia
Africa,Africa
Albania,Europe
Algeria,Africa
American Samoa,North America
Andorra,Europe
Angola,Africa
Anguilla,North America
Antigua and Barbuda,North America
Argentina,South America
Armenia,Europe
Aruba,South America
Asia,Asia
Australia,Australia and Oceania
Austria,Europe
Azerbaijan,Europe
Bahamas,North America
Bahrain,Asia
Bangladesh,Asia
Barbados,North America
Belarus,Europe
Belgium,Europe
Belize,North America
Benin,Africa
Bermuda,North America
Bhutan,Asia
Bolivia,South America
Bonaire Sint Eustatius and Saba,South America
Bosnia and Herzegovina,Europe
Botswana,Africa
Brazil,South America
British Virgin Islands,North America
Brunei,Asia
Bulgaria,Europe
Burkina Faso,Africa
Burundi,Africa
Cambodia,Asia
Cameroon,Africa
Canada,North America
Cape Verde,Africa
Cayman Islands,North America
Central African Republic,Africa
Chad,Africa
Channel Islands,Europe
Chile,South America
China,Asia
Colombia,South America
Comoros,Africa
Congo,Africa
Cook Islands,Australia and Oceania
Costa Rica,North America
Cote d'Ivoire,Africa
Croatia,Europe
Cuba,North America
Curacao,South America
Cyprus,Europe
Czechia,Europe
Democratic Republic of Congo,Africa
Denmark,Europe
Djibouti,Africa
Dominica,North America
Dominican Republic,North America
Ecuador,South America
Egypt,Africa
El Salvador,North America
Equatorial Guinea,Africa
Eritrea,Africa
Estonia,Europe
Eswatini,Africa
Ethiopia,Africa
Europe,Europe
Faeroe Islands,Europe
Falkland Islands,South America
Fiji,Australia and Oceania
Finland,Europe
France,Europe
French Guiana,South America
French Polynesia,Australia and Oceania
Gabon,Africa
Gambia,Africa
Georgia,Europe
Germany,Europe
Ghana,Africa
Gibraltar,Europe
Greece,Europe
Greenland,Europe
Grenada,North America
Guadeloupe,South America
Guam,North America
Guatemala,North America
Guinea,Africa
Guinea-Bissau,Africa
Guyana,South America
Haiti,North America
Honduras,North America
Hong Kong,Asia
Hungary,Europe
Iceland,Europe
India,Asia
Indonesia,Asia
Iran,Asia
Iraq,Asia
Ireland,Europe
Isle of Man,Europe
Israel,Asia
Italy,Europe
Jamaica,North America
Japan,Asia
Jordan,Asia
Kazakhstan,Europe
Kenya,Africa
Kiribati,Australia and Oceania
Kuwait,Asia
Kyrgyzstan,Asia
Laos,Asia
Latin America and the Caribbean,South America
Latvia,Europe
Lebanon,Asia
Lesotho,Africa
Liberia,Africa
Libya,Asia
Liechtenstein,Europe
Lithuania,Europe
Luxembourg,Europe
Macao,Asia
Madagascar,Africa
Malawi,Africa
Malaysia,Asia
Maldives,Asia
Mali,Africa
Malta,Europe
Marshall Islands,Australia and Oceania
Martinique,North America
Mauritania,Africa
Mauritius,Africa
Mayotte,Africa
Mexico,North America
Micronesia (country),Australia and Oceania
Moldova,Europe
Monaco,Europe
Mongolia,Asia
Montenegro,Europe
Montserrat,Europe
Morocco,Africa
Mozambique,Africa
Myanmar,Asia
Namibia,Africa
Nauru,Australia and Oceania
Nepal,Asia
Netherlands,Europe
New Caledonia,Australia and Oceania
New Zealand,Australia and Oceania
Nicaragua,North America
Niger,Africa
Nigeria,Africa
Niue,Australia and Oceania
North Korea,Asia
North Macedonia,Europe
Northern America,North America
Northern Mariana Islands,Australia and Oceania
Norway,Europe
Oceania,Australia and Oceania
Oman,Asia
Pakistan,Asia
Palau,Australia and Oceania
Palestine,Asia
Panama,North America
Papua New Guinea,Australia and Oceania
Paraguay,South America
Peru,South America
Philippines,Asia
Poland,Europe
Portugal,Europe
Puerto Rico,North America
Qatar,Asia
Reunion,Africa
Romania,Europe
Russia,Asia
Rwanda,Africa
Saint Barthlemy,North America
Saint Helena,Africa
Saint Kitts and Nevis,North America
Saint Lucia,North America
Saint Martin (French part),North America
Saint Pierre and Miquelon,North America
Saint Vincent and the Grenadines,North America
Samoa,Australia and Oceania
San Marino,Europe
Sao Tome and Principe,Africa
Saudi Arabia,Asia
Senegal,Africa
Serbia,Europe
Seychelles,Africa
Sierra Leone,Africa
Singapore,Asia
Sint Maarten (Dutch part),North America
Slovakia,Europe
Slovenia,Europe
Solomon Islands,Australia and Oceania
Somalia,Africa
South Africa,Africa
South Korea,Asia
South Sudan,Africa
Spain,Europe
Sri Lanka,Asia
Sudan,Africa
Suriname,South America
Sweden,Europe
Switzerland,Europe
Syria,Asia
Taiwan,Asia
Tajikistan,Asia
Tanzania,Africa
Thailand,Asia
Timor,Asia
Togo,Africa
Tokelau,Australia and Oceania
Tonga,Africa
Trinidad and Tobago,North America
Tunisia,Africa
Turkey,Asia
Turkmenistan,Asia
Turks and Caicos Islands,North America
Tuvalu,Australia and Oceania
Uganda,Africa
Ukraine,Europe
United Arab Emirates,Asia
United Kingdom,Europe
United States,North America
United States Virgin Islands,North America
Uruguay,South America
Uzbekistan,Asia
Vanuatu,Australia and Oceania
Vatican,Europe
Venezuela,South America
Vietnam,Asia
Wallis and Futuna,Australia and Oceania
Western Sahara,Africa
Yemen,Asia
Zambia,Africa
Zimbabwe,Africa
Melanesia,Australia and Oceania
Middle Africa,Africa
Northern Africa,Africa
Northern Europe,Europe
Oceania (excluding Australia and New Zealand),Australia and Oceania
South America,South America
South Eastern Asia,Asia
Southern Africa,Africa
Southern Asia,Asia
Southern Europe,Europe
Sub-Saharan Africa,Africa
Western Africa,Africa
Western Asia,Asia
Australia & New Zealand,Australia and Oceania
Caribbean,North America
Central America,North America
Central and Southern Asia,Asia
Eastern Africa,Africa
Eastern and South-Eastern Asia,Asia
Eastern Asia,Europe
Eastern Europe,Europe
Europe and Northern America,Europe
Polynesia,Australia and Oceania
North America,North America
Netherlands Antilles,South America
